Year;I_D_GDP;F_D_GDP;Assets_GDP;Cont_D_GDP;G_D_GDP;N_D_GDP;Corruption_PE_p;Corruption_GDP_p;N_presi;Median_presi;Me_Epa_Presi;Number of Internal Conflicts;Number of External Conflicts;Number of Armyraces;totalwar;totalwarmy;earthquakedummy;rGDP_g;inflation;depreciation;interest
1822;6.986550996;15.314547;;;22.30109799;22.30109799;139;6.1;4;;;1;2;0;3;3;0;-4.488083605;-0.89;-0.598804184;3.62
1823;6.418407646;14.64769809;;;21.06610573;21.06610573;139;6.1;7;3;;1;1;0;2;2;0;3.875001034;-10.48;0.449438959;3.63
1824;5.850264297;11.56938655;;;17.41965085;17.41965085;139;6.1;2;4;;1;1;0;2;2;0;-3.508814585;21.74;-1.962327118;3.15
1825;5.282120948;20.32449167;;;25.60661262;25.60661262;139;6.1;3;3;3;2;1;0;3;3;0;7.088274297;-21.44;-1.072807224;3.38
1826;4.713977599;36.31700462;;;41.03098221;41.03098221;139;6.1;5;2;2.705882353;2;1;0;3;3;0;-6.476101445;-27.33;2.284943277;3.62
1827;4.101286998;34.88170107;;;38.98298807;38.98298807;139;6.1;2;3;2.4;1;1;0;2;2;0;6.507104416;-6.22;-0.452830962;3.45
1828;3.491785115;31.39203589;;;34.88382101;34.88382101;139;6.1;1;2;2.247058824;1;2;0;3;3;0;4.721174102;-3.46;-0.303030535;3.38
1829;3.02389678;36.58840061;;;39.61229739;39.61229739;139;6.1;3;2;2.211764706;0;1;0;1;1;0;-6.148495248;-3.99;2.398915637;3.19
1830;2.836046826;40.14171784;;;42.97776467;42.97776467;80;4.7;2;2;2.352941176;0;0;0;0;0;0;6.984148705;1.71;-1.342302033;3.33
1831;2.834413976;42.84933429;;;45.68374826;45.68374826;80;4.7;3;3;2.647058824;0;0;0;0;0;0;2.178429013;-3.36;-0.904983552;3.59
1832;2.832893737;50.85764562;;;53.69053935;53.69053935;80;4.7;2;3;2.894117647;0;0;0;0;0;0;-2.935929143;-4.87;4.589998875;3.42
1833;2.831486109;40.55760165;;;43.38908775;43.38908775;80;4.7;3;3;3;0;0;0;0;0;1;8.394503076;8.63;-3.534977785;3.27
1834;2.83019109;45.15819476;;;47.98838585;47.98838585;80;4.7;3;3;2.894117647;1;0;0;1;1;0;0.500800956;-3.75;-1.206651141;3.17
1835;2.829008682;43.45420871;;;46.28321739;46.28321739;80;4.7;6;3;2.647058824;1;0;0;1;1;0;7.166941294;-0.31;0.454202143;3.14
1836;2.827938884;37.24899995;;;40.07693884;40.07693884;80;4.7;2;2;2.352941176;2;1;0;3;3;0;11.28854696;4.86;-0.606062461;3.2
1837;2.826981697;41.65456549;;;44.48154719;44.48154719;80;4.7;2;2;2.105882353;2;2;0;4;4;0;0.707025154;2.05;0.757005886;3.15
1838;2.82613712;42.3053133;;;45.13145042;45.13145042;80;4.7;2;2;2;2;2;0;4;4;0;0.033571834;-0.1;0.150715929;3.08
1839;2.825405153;38.71524463;;;41.54064978;41.54064978;80;4.7;2;2;2;3;3;0;6;6;1;8.949117756;-0.39;-1.517479802;3.13
1840;2.824785796;40.64556762;;;43.47035341;43.47035341;80;4.7;2;2;2.105882353;0;0;0;0;0;1;10.34141516;-15.54;0.609757987;3.2
1841;2.82427905;48.28077647;;;51.10505552;51.10505552;80;4.7;2;2;2.352941176;0;1;0;1;1;0;-3.376780681;-1.26;1.956420565;3.23
1842;2.823884914;44.05563854;;;46.87952346;46.87952346;80;4.7;3;3;2.647058824;0;1;0;1;1;0;5.130552539;-5.8;1.037815097;3.12
1843;2.823603388;44.61593241;;;47.4395358;47.4395358;80;4.7;4;3;2.788235294;1;0;0;1;1;0;0.908543576;-1.72;0.58823699;3.03
1844;2.823434473;46.26729787;;;49.09073234;49.09073234;80;4.7;6;3;2.541176471;1;0;0;1;1;0;-0.818957549;1.97;-0.58823699;2.89
1845;2.823378167;41.67391339;;;44.49729155;44.49729155;80;4.7;2;2;2;0;0;0;0;0;1;9.2111686;-0.24;0.441501821;2.98
1846;3.29381648;43.32025138;;;46.61406786;46.61406786;41;4.1;1;1;1.458823529;0;0;0;0;0;0;-0.840400674;-0.61;-0.146950798;2.99
1847;2.827180071;49.13416086;;;51.96134093;51.96134093;41;4.1;1;1;1.105882353;0;0;0;0;0;0;-3.717025012;6.3;-0.589972213;3.29
1848;1.960569596;43.99601726;;;45.95658686;45.95658686;41;4.1;1;1;1;0;0;0;0;0;0;12.7492521;-7.04;0.29542119;3.35
1849;1.493933187;35.15335562;;;36.64728881;36.64728881;41;4.1;1;1;1;0;0;0;0;0;0;5.671939128;1.96;-0.443459707;3.09
1850;2.344497842;36.38875711;;;38.73325495;38.73325495;41;4.1;1;1;1;0;0;0;0;0;0;-3.582440326;-0.49;8.243301101;2.97
1851;4.215740083;26.63904189;;;30.85478197;30.85478197;41;4.1;2;1;1.105882353;0;0;0;0;0;0;19.81432199;2.53;-1.512056299;2.95
1852;6.086982325;29.32951368;;;35.41649601;35.41649601;65;5;1;1;1.247058824;0;0;0;0;0;0;-11.067551;1.65;0.82759093;2.88
1853;6.93754698;47.93931763;;;54.87686461;54.87686461;65;5;1;2;1.4;0;0;0;0;0;0;15.00452724;-2.01;-1.662088124;2.93
1854;4.719837665;51.53031855;;;56.25015621;56.25015621;65;5;2;1;1.6;1;0;0;1;1;0;-3.611670374;-3.27;0.139567364;3.12
1855;3.584209099;39.70743768;;;43.29164678;43.29164678;65;5;2;2;1.752941176;0;0;0;0;0;0;8.390578126;10.51;0.139372845;3.16
1856;2.655058455;36.24619857;;;38.90125702;38.90125702;33;3.5;1;2;1.894117647;1;0;0;1;1;0;-9.44150739;19.02;0;3.08
1857;1.932385732;29.98093315;;;31.91331888;31.91331888;33;3.5;2;2;2;1;1;0;2;2;0;15.79777667;-0.64;-0.698814863;3.12
1858;1.416190929;27.44022832;;;28.85641925;28.85641925;33;3.5;2;2;2;1;1;0;2;2;0;-3.386392295;1.65;0.559442019;2.96
1859;1.106474048;30.41649606;;;31.5229701;31.5229701;33;3.5;2;2;2;0;1;0;1;1;0;-6.853933735;-5.69;-0.981087056;3.01
1860;1.003235087;18.17268204;;;19.17591713;19.17591713;33;3.5;2;2;2;0;1;0;1;1;0;17.13052148;25.4;19.5149721;3.05
1861;1.21834505;18.70253405;;;19.9208791;19.9208791;33;3.5;1;2;2;0;0;0;0;0;1;-4.849883291;-9.78;1.380919527;3.13
1862;1.036744318;31.99890258;;;33.03564689;33.03564689;33;3.5;2;2;2;0;0;0;0;0;0;-2.414513623;-0.25;-1.03389778;3.08
1863;1.04021026;34.42203596;;;35.46224622;35.46224622;33;3.5;3;2;2;0;0;0;0;0;0;11.10393455;-0.41;0.115406822;3.09
1864;1.048475198;41.44366176;;;42.49213696;42.49213696;33;3.5;1;2;2;0;0;0;0;0;0;-0.44368374;6.79;-0.810658753;3.18
1865;1.058339801;82.47900033;;;83.53734013;83.53734013;33;3.5;3;2;2;1;1;0;2;2;0;-1.946603577;9.71;1.27095876;3.2
1866;1.066604739;59.58673495;;;60.65333969;60.65333969;33;3.5;1;2;2;0;1;0;1;1;0;5.662143432;7.76;-0.11487652;3.26
1867;1.070070681;54.874239;;;55.94430968;55.94430968;33;3.5;2;2;2;1;0;0;1;1;0;-1.227713433;1.99;1.029168604;3.08
1868;0.971279494;53.52205641;;;54.49333591;54.49333591;33;3.5;4;2;2;1;0;0;1;1;1;5.31757588;1.01;0;3.06
1869;0.991385392;45.59132974;;;46.58271513;46.58271513;24;5;2;2;2;1;0;0;1;1;1;8.095311553;0.75;0.113700979;3.08
1870;1.051703085;79.24179404;;;80.29349712;80.29349712;24;5;2;2;2;0;0;0;0;0;0;10.43057434;1.8;-0.113700979;3.09
1871;1.590129685;68.0063346;;;69.59646429;69.59646429;24;5;2;2;2;0;0;0;0;0;0;-2.767987827;0.86;0;3.08
1872;1.852801631;103.74956;;;105.6023616;105.6023616;24;5;5;2;2;0;0;0;0;0;0;-1.852278996;2.46;1.018684531;3.09
1873;1.806009369;104.2152806;;;106.02129;106.02129;18;3.5;1;2;2;0;0;0;0;0;0;8.580833833;2.52;7.587603498;3.09
1874;1.759217107;105.5689463;;;107.3281634;107.3281634;18;3.5;2;2;2;0;0;0;0;0;0;-7.362458986;-0.33;2.372468159;3.09
1875;2.138531269;104.6099554;;;106.7484867;106.7484867;18;3.5;2;2;2;0;0;0;0;0;1;5.2840784;0.22;2.317484069;3.06
1876;3.147672889;111.2144163;;;114.3620892;114.3620892;18;3.5;2;2;1.894117647;0;0;0;0;0;0;-0.798681689;0.03;-0.399202127;3.02
1877;3.147990792;101.1521659;;;104.3001567;104.3001567;18;3.5;1;2;1.647058824;2;1;0;3;3;1;3.665635335;-0.59;-1.409892438;3.01
1878;3.148135294;104.5156719;;;107.6638072;107.6638072;18;3.5;1;1;1.458823529;0;0;0;0;0;1;6.826052154;0.68;3.976667113;3.01
1879;3.148453197;137.7829829;;;140.9314361;140.9314361;18;3.5;3;1;1.458823529;0;1;0;1;1;0;-36.7507553;-0.35;2.692470337;2.94
1880;3.197343948;208.2961372;;;211.4934811;211.4934811;70;5.5;1;2;1.541176471;0;1;0;1;1;0;-44.3832559;0.47;-2.012525998;2.91
1881;3.343001482;193.3795838;;;196.7225853;196.7225853;70;5.5;3;2;1.647058824;0;1;0;1;1;0;-5.124146606;0.09;1.059229932;2.77
1882;3.585464332;194.8532674;;;198.4387318;198.4387318;70;5.5;2;1;1.705882353;0;1;0;1;1;0;7.212494135;0.61;0.668260243;2.81
1883;3.924771032;247.5624532;;;251.4872243;251.4872243;70;5.5;1;2;1.647058824;0;1;0;1;1;0;-15.66644782;0.27;1.698154015;2.7
1884;4.360960115;201.8725568;;;206.2335169;206.2335169;70;5.5;1;2;1.541176471;1;0;0;1;1;0;25.84170639;-0.21;1.116290661;2.6
1885;4.894070116;239.8150824;;;244.7091525;244.7091525;70;5.5;2;1;1.352941176;2;0;0;2;2;0;-9.163482923;0.69;5.401853222;2.72
1886;5.524139567;232.8970003;;;238.4211398;238.4211398;47;4;2;1;1.105882353;1;0;0;1;1;0;8.41344839;0.96;4.036615006;2.68
1887;6.251207003;260.4516334;;;266.7028404;266.7028404;47;4;1;1;1;1;0;0;1;1;0;-10.06244284;-0.67;-1.355952979;2.6
1888;7.075310957;231.9908811;;;239.066192;239.066192;47;4;1;1;1;0;0;0;0;0;0;13.01216367;1.05;2.110673542;2.5
1889;9.384808812;12.74166336;;;22.12647217;22.12647217;47;4;1;1;1;0;0;0;0;0;0;-4.245917764;1.94;4.890950303;2.51
1890;7.410172673;7.314924994;;;14.72509767;14.72509767;47;4;2;1;1;0;0;0;0;0;0;-3.284321143;-3.45;-11.53992443;2.55
1891;6.139434509;10.29472479;;;16.4341593;16.4341593;47;4;1;1;1;0;0;0;0;0;1;9.244668433;1.78;4.538300585;2.56
1892;4.397272181;8.565632838;;;12.96290502;12.96290502;47;4;1;1;1;0;0;0;0;0;0;4.484036821;4.52;13.99103213;2.53
1893;5.679076453;13.01071512;;;18.68979158;18.68979158;47;4;1;1;1;0;0;0;0;0;0;-5.92684957;5.77;17.32548611;2.48
1894;6.633409421;20.42552422;;;27.05893364;27.05893364;47;4;3;1;1;1;0;0;1;1;0;-6.368092081;3.55;10.30496755;2.41
1895;6.570325176;15.27353811;;;21.84386329;21.84386329;47;4;3;1;1;1;0;0;1;1;0;7.465553248;-0.94;-1.416855666;2.28
1896;6.381072442;8.367322915;;;14.74839536;14.74839536;40;2.2;1;1;1;2;0;0;2;2;0;14.6319393;0.82;3.146326946;2.18
1897;6.065651219;8.123709673;;;14.18936089;14.18936089;40;2.2;1;1;1;1;0;0;1;1;1;6.564746202;2.07;2.765153133;2.15
1898;5.6871363;7.482419176;;;13.16955548;13.16955548;40;2.2;1;1;1;0;0;0;0;0;0;5.483855;31;-15.18805313;2.18
1899;5.213976112;6.262369183;;;11.4763453;11.4763453;40;2.2;2;1;1;0;0;0;0;0;0;5.927691723;9.61;9.579106464;2.25
1900;4.504231105;4.690391992;;;9.194623097;9.194623097;25;1;1;1;1;0;0;0;0;0;0;5.497574097;2.28;0.479617226;2.42
1901;3.415961728;5.277139101;;;8.693100828;8.693100828;25;1;1;1;1;0;0;0;0;0;1;5.403507929;7.7;0;2.55
1902;0.69300619;6.482762214;;;7.175768404;7.175768404;25;1;1;1;1;0;1;0;1;1;0;3.308463321;-19;0.477327875;2.54
1903;0.783031067;5.91780435;;;6.700835417;6.700835417;25;1;2;1;1;0;2;0;2;2;0;5.801827458;13.2;0.947874395;2.63
1904;0.835784627;4.848921761;;;5.684706388;5.684706388;25;1;3;1;1;0;2;0;2;2;0;2.793895277;3.9;-0.47281412;2.7
1905;0.947579153;3.435750599;;;4.383329752;4.383329752;25;1;1;1;1;0;1;0;1;1;0;8.220792268;31.3;0;2.66
1906;1.107620139;3.426899061;;;4.5345192;4.5345192;25;1;1;1;1;0;1;0;1;1;1;6.350093202;1;1.411788155;2.7
1907;1.251140554;3.663097374;;;4.914237928;4.914237928;25;1;1;1;1;0;1;0;1;1;0;4.892181306;1.9;-1.411788155;2.84
1908;1.313373366;4.144602462;;;5.457975829;5.457975829;25;1;2;1;1;0;1;0;1;1;0;0.525480081;4.6;-0.952388151;2.77
1909;1.118500332;3.407455534;;;4.525955866;4.525955866;30;2;1;1;1;0;1;0;1;1;0;2.957469178;-14.2;-0.479617226;2.85
1910;0.834399762;3.566750005;;;4.401149767;4.401149767;30;2;1;1;1;0;2;0;2;2;0;3.117802111;-2.1;1.432005377;2.94
1911;0.694877928;2.992094675;;;3.686972603;3.686972603;30;2;1;1;1.105882353;0;1;0;1;1;0;4.048213142;3.2;0;3.01
1912;0.599553083;3.431530826;;;4.031083909;4.031083909;30;2;2;1;1.352941176;0;0;0;0;0;0;1.665920059;-9.2;-0.475060276;3.13
1913;0.521401034;2.689400582;;;3.210801617;3.210801617;25;1;1;2;1.541176471;0;0;0;0;0;1;-0.796893996;12.4;-0.956945102;3.24
1914;0.470611233;4.487368666;;;4.957979899;4.957979899;25;1;2;2;1.541176471;0;0;0;0;0;0;1.968626193;4;-3.922071315;3.3
1915;0.452499914;4.027625283;;;4.480125197;4.480125197;25;1;2;1;1.352941176;0;0;0;0;0;1;5.27176806;7.7;-7.796154147;3.65
1916;1.649489121;2.220009589;;;3.86949871;3.86949871;25;1;1;1;1.105882353;0;0;0;0;0;0;6.897726232;9.8;7.796154147;4.12
1917;1.106076837;1.342300159;;;2.448376996;2.448376996;25;1;1;1;1;0;0;0;0;0;0;9.418001293;15.4;9.53101798;4.37
1918;1.305623366;1.102662509;;;2.408285875;2.408285875;25;1;1;1;1;0;0;0;0;0;0;3.714041591;15.5;5.310982531;4.2
1919;1.358229507;0.916903196;;;2.275132703;2.275132703;25;1;2;1;1;0;0;0;0;0;0;-5.33258712;14.6;-10.44031197;4.31
1920;1.325171957;0.917407182;;;2.242579139;2.242579139;72;3.8;1;1;1;0;0;0;0;0;0;11.98013528;11.7;-8.483887994;4.94
1921;2.518089275;1.712107717;;;4.230196992;4.230196992;72;3.8;1;1;1;0;0;0;0;0;1;-0.806440399;-5.2;-19.4900339;4.95
1922;2.567693006;2.093503381;;;4.661196387;4.661196387;72;3.8;1;1;1;0;0;0;0;0;1;5.376090703;-4.5;4.335044087;4.43
1923;2.460177994;2.668531228;;;5.128709222;5.128709222;72;3.8;1;1;1;0;0;0;0;0;0;2.471052529;-5.3;8.701137699;4.15
1924;2.41448275;3.112106387;;;5.526589138;5.526589138;72;3.8;1;1;1;0;0;0;0;0;0;9.926759112;3.9;-2.247285585;4.1
1925;2.254346572;3.551484984;;;5.805831556;5.805831556;72;3.8;1;1;1;0;0;0;0;0;0;4.138222184;7;-1.142869582;4.16
1926;2.227066348;6.03443804;;;8.261504388;8.261504388;72;3.8;1;1;1;0;0;0;0;0;0;6.162421047;0.5;-7.145896398;4.25
1927;2.118245692;12.06557836;;;14.18382405;14.18382405;72;3.8;1;1;1;0;0;0;0;0;0;-0.390872477;-3.5;0.615386557;4.18
1928;2.174219265;12.83898059;;;15.01319986;15.01319986;72;3.8;1;1;1;0;0;0;0;0;1;8.376199423;-6.7;5.374427601;4.1
1929;2.447143623;11.18235722;;;13.62950085;13.62950085;72;3.8;1;1;1.105882353;0;0;0;0;0;0;12.22478419;-2.2;1.15608224;4.19
1930;5.736067059;15.30015944;;;21.0362265;21.0362265;72;3.8;3;1;1.352941176;0;0;0;0;0;0;-11.71508813;-4.5;-16.18430255;4.12
1931;7.698579168;21.82289442;;;29.52147359;29.52147359;34;3.5;5;2;1.541176471;0;0;0;0;0;0;-4.951031083;-6.5;5.264373349;4.14
1932;8.084946968;30.27569787;;;38.36064483;38.36064483;34;3.5;1;2;1.541176471;1;1;0;2;2;0;-2.325431897;-4.4;26.82639866;3.76
1933;10.01960511;33.48148148;;;43.50108659;43.50108659;34;3.5;2;1;1.352941176;0;1;0;1;1;0;8.990383604;-2.6;12.42977167;3.13
1934;10.89084112;25.99054605;;;36.88138717;36.88138717;30;2.6;1;1;1.105882353;0;0;0;0;0;0;11.52850685;2;-20.06706955;2.84
1935;9.680489416;24.63455828;;;34.31504769;34.31504769;30;2.6;1;1;1;0;0;0;0;0;0;7.790045807;1.3;-3.774032798;2.74
1936;9.317664739;21.31057769;;;30.62824243;30.62824243;30;2.6;1;1;1;0;0;0;0;0;0;4.424255018;5.3;-3.922071315;2.71
1937;8.759170833;19.86977758;;;28.62894842;28.62894842;30;2.6;1;1;1;0;0;0;0;0;0;0.728387152;6.3;-1.729149711;3
1938;10.14384454;22.47512081;;;32.61896535;32.61896535;30;2.6;1;1;1;0;0;0;0;0;0;3.619240512;1.2;12.55050818;2.95
1939;12.15686412;27.46323847;;;39.62010259;39.62010259;30;2.6;2;1;1;0;0;0;0;0;0;0.213982315;-1.2;17.37378131;3.01
1940;11.77582246;28.54670588;;;40.32252834;40.32252834;43;3.4;1;1;1;0;0;0;0;0;1;6.540555306;8.2;14.79740079;2.84
1941;12.76459317;28.69806245;;;41.46265562;41.46265562;43;3.4;1;1;1;0;1;0;1;1;0;-5.678492529;8.4;5.073551804;2.67
1942;12.79426576;24.85145552;;;37.64572128;37.64572128;43;3.4;1;1;1;0;0;0;0;0;1;4.073587938;12.4;0;2.61
1943;13.71457472;22.82592344;;;36.54049817;36.54049817;43;3.4;1;1;1;0;0;0;0;0;0;1.302536053;9;0;2.73
1944;15.0797012;19.48959945;;;34.56930065;34.56930065;43;3.4;1;1;1;0;0;0;0;0;0;7.116739263;14.6;0;2.72
1945;15.47888485;18.25758147;;;33.73646633;33.73646633;43;3.4;2;1;1;0;1;0;1;1;0;-1.200327781;11.6;0;2.62
1946;15.69219054;17.98928772;;;33.68147826;33.68147826;41;3.2;1;1;1;0;0;0;0;0;1;-1.159061736;9.4;0;2.3
1947;15.44115848;15.16878257;;;30.60994105;30.60994105;41;3.2;1;1;1;0;0;0;0;0;1;8.371206388;29.4;0;2.41
1948;15.08568034;11.7729226;;;26.85860293;26.85860293;41;3.2;2;1;1;0;0;0;0;0;1;2.504718373;30.8;0;2.52
1949;17.01444791;10.82674594;;;27.84119384;27.84119384;47;3.7;1;1;1;0;0;0;0;0;1;8.324703462;14.67;0;2.56
1950;5.339943698;7.924475674;;;13.26441937;13.26441937;47;3.7;3;1;1;0;0;0;0;0;1;8.264257679;7.595447264;83.30627446;2.62
1951;4.277947797;5.876522956;;;10.15447075;10.15447075;47;3.7;1;1;1;0;0;0;0;0;0;8.146439439;7.874015662;2.127739845;2.86
1952;4.443519326;5.174213665;;;9.617732991;9.617732991;47;3.7;1;1;1;0;0;0;0;0;0;4.942050721;6.753649596;2.08340869;2.96
1953;4.164688579;5.29622871;;;9.460917289;9.460917289;47;3.7;1;1;1;0;0;0;0;0;1;4.181789083;8.611818632;24.3263781;3.2
1954;5.164198489;5.700932892;;;10.86513138;10.86513138;47;3.7;1;1;1;0;0;0;0;0;0;4.912888108;4.825382565;-4.608021354;2.9
1955;4.812837051;8.188528192;;;13.00136524;13.00136524;47;3.7;1;1;1;0;0;1;0;1;0;7.361551297;4.439606671;0;3.06
1956;5.241815845;7.929374576;;;13.17119042;13.17119042;47;3.7;2;1;1;0;0;1;0;1;0;2.798580371;6.142721796;0;3.36
1957;5.833481508;7.834582237;;;13.66806374;13.66806374;45;3.5;1;1;1;0;0;1;0;1;0;6.067558299;6.885623115;0;3.89
1958;6.496030489;11.82587711;;;18.3219076;18.3219076;45;3.5;1;1;1;0;0;1;0;1;1;0.468147974;9.023175819;25.38639097;3.79
1959;6.794100081;10.40356639;;;17.19766647;17.19766647;45;3.5;1;1;1;0;0;1;0;1;1;3.778382939;16.78637855;12.33957726;4.38
1960;5.401044122;7.277967111;;;12.67901123;12.67901123;45;3.5;1;1;1;0;0;1;0;1;1;16.09760304;2.440212241;-3.458801129;4.41
1961;5.805395441;7.436978147;;;13.24237359;13.24237359;45;3.5;1;1;1;0;0;1;0;1;1;6.331040974;8.794917417;0.171526629;4.35
1962;4.744102242;5.692237582;;;10.43633982;10.43633982;45;3.5;2;1;1;1;1;0;2;2;0;6.499126586;4.835766613;0.08565311;4.33
1963;4.756080289;6.966606131;;;11.72268642;11.72268642;30;3.4;3;1;1;1;1;0;2;2;1;7.454750201;8.790253829;0;4.26
1964;4.634082433;6.842324928;;;11.47640736;11.47640736;30;3.4;1;1;1;1;1;0;2;2;0;8.954606405;11.2000001;0;4.4
1965;6.670298837;8.064926616;;;14.73522545;14.73522545;30;3.4;1;1;1;1;1;0;2;2;0;5.405454454;14.89208529;0;4.49
1966;8.078152858;2.883117501;;;10.96127036;10.96127036;30;3.4;1;1;1;0;0;0;0;0;1;8.490504087;7.701941769;0;5.13
1967;8.248755121;5.904266942;;;14.15302206;14.15302206;30;3.4;1;1;1;0;0;0;0;0;0;6.969138404;20.74059348;36.64726794;5.51
1968;7.009419243;7.709126649;;;14.71854589;14.71854589;30;3.4;2;1;1;0;0;1;0;1;0;-1.515273311;9.796083597;0;6.18
1969;6.473424927;7.739644217;;;14.21306914;14.21306914;43;5;1;1;1;0;0;1;0;1;0;2.381508282;5.697942545;0;7.03
1970;10.04386657;14.75114412;;;24.79501069;24.79501069;43;5;1;1;1;0;0;1;0;1;1;6.468602885;5.608659219;0;8.04
1971;11.70092636;14.16388427;;;25.86481063;25.86481063;43;5;1;1;1;0;0;1;0;1;0;4.281152962;7.666709507;0;7.39
1972;13.70465071;14.55382594;;;28.25847665;28.25847665;43;5;1;1;1;0;0;0;0;0;0;1.132320557;4.314500994;0;7.21
1973;13.76090366;16.06877791;;;29.82968157;29.82968157;43;5;1;1;1;0;0;1;0;1;0;4.557301299;13.759186;0;7.44
1974;11.61690686;17.71112008;;;29.32802694;29.32802694;43;5;1;1;1;0;0;1;0;1;1;6.489785292;19.14650586;0;8.57
1975;10.55373734;20.22638391;;;30.78012125;30.78012125;43;5;2;1;1;1;0;1;1;2;0;5.564016809;24.00863481;4.18422454;8.83
1976;10.76348539;27.47437114;;;38.23785654;38.23785654;43;5;1;1;1;0;0;1;0;1;0;2.363033549;44.68441598;32.30481175;8.43
1977;10.88186403;46.39729129;;;57.27915532;57.27915532;43;5;1;1;1;0;0;1;0;1;0;1.741169695;32.44363097;41.05339593;8.02
1978;8.779933659;51.90529346;;;60.68522711;60.68522711;43;5;1;1;1;0;1;1;1;2;0;-4.092503079;73.67695014;62.31093718;8.73
1979;6.955545754;40.53309389;;;47.48863964;47.48863964;43;5;1;1;1;0;0;1;0;1;0;5.731367949;66.70260726;38.22858352;9.63
1980;6.540293632;35.79213359;;;42.33242722;42.33242722;43;5;2;1;1;1;0;1;1;2;0;8.768714904;60.81579198;25.8896721;11.94
1981;5.735002806;29.93178571;;;35.66678852;35.66678852;33;3.8;1;1;1;1;1;1;2;3;0;4.732612678;72.67495312;36.5703917;13.32
1982;6.178704781;26.79996431;;;32.97866909;32.97866909;33;3.8;1;1;1;1;0;1;1;2;0;1.17543081;72.93454757;50.51549574;11.64
1983;5.956156459;43.62714903;;;49.58330549;49.58330549;33;3.8;1;1;1;1;0;1;1;2;0;-15.53821501;125.065663;86.33243581;9.76
1984;4.953016276;44.25428925;;;49.20730553;49.20730553;33;3.8;1;1;1;1;0;0;1;1;0;0.912892412;111.4636688;79.00158752;9.66
1985;5.914031009;60.4537036;;;66.36773461;66.36773461;33;3.8;2;1;1;1;0;0;1;1;0;2.559897876;158.2581599;123.2741097;9.4
1986;6.787732368;51.98553911;;;58.77327147;58.77327147;37;4;1;1;1;1;0;0;1;1;0;10.77638125;62.89844878;33.83674855;9.02
1987;8.089807374;43.6222768;;;51.71208417;51.71208417;37;4;1;1;1;1;0;0;1;1;0;8.828600358;114.5124042;57.61300308;8.82
1988;16.72235853;56.22617645;;;72.94853498;72.94853498;37;4;1;1;1;1;0;0;1;1;0;-8.297591911;1722.320786;223.4496604;8.52
1989;10.23506131;52.76282541;;;62.99788672;62.99788672;37;4;1;1;1;1;0;0;1;1;0;-15.81010229;2774.98125;270.0138824;8.39
1990;12.10929662;56.44105942;;;68.55035605;68.55035605;37;4;2;1;1;1;0;0;1;1;0;-4.626551016;7649.645217;383.8369547;9.32
1991;4.61831808;49.18691965;;;53.80523773;53.80523773;50;4.5;1;1;1;1;0;0;1;1;0;5.117060483;139.2284845;133.1860252;8.77
1992;2.222678268;51.67009725;;;53.89277552;53.89277552;50;4.5;1;1;1;1;0;0;1;1;0;0.082313393;56.73391911;47.46858763;8.14
1993;1.921151431;55.24641596;;;57.16756739;57.16756739;50;4.5;1;1;1;1;0;0;1;1;0;3.966499645;39.47970358;46.41847553;7.22
1994;1.77501001;48.46422176;;;50.23923177;50.23923177;50;4.5;1;1;1;1;0;0;1;1;0;11.85037611;15.3837273;9.915692461;7.83
1995;1.339218306;43.60516014;;;44.94437844;44.94437844;50;4.5;1;1;1;1;1;0;2;2;0;8.107108028;10.22819349;2.668876907;7.59
1996;3.104962721;41.40537698;;;44.5103397;44.5103397;50;4.5;1;1;1;1;0;0;1;1;1;2.403843897;11.83999475;8.432668377;7.37
1997;4.564597461;29.16452568;;;33.72912314;33.72912314;50;4.5;1;1;1;1;0;0;1;1;1;6.368700709;6.463027498;8.198628425;6.99
1998;5.721279421;31.79536024;;;37.51663966;37.51663966;50;4.5;1;1;1;1;0;0;1;1;0;-0.06089661;6.006793752;9.496711039;5.33
1999;6.14829617;35.42002703;;;41.5683232;41.5683232;50;4.5;1;1;1;1;0;0;1;1;0;-1.385770657;3.726403068;14.44133757;4.51
2000;5.665653636;33.38438192;;;39.05003555;39.05003555;50;4.5;2;1;1;2;0;0;2;2;0;6.240751879;3.734235306;3.066800753;4.42
2001;6.499538995;32.4820538;;;38.9815928;38.9815928;;;2;1;1;1;0;0;1;1;1;1.933630114;-0.127351804;0.520538987;4.67
2002;9.325793627;33.38237688;7.976652557;;42.7081705;34.73151795;;;1;1;1;1;0;0;1;1;0;5.042917291;1.515843599;0.271690629;4.75
2003;9.172210955;34.07847569;7.679057235;;43.25068664;35.57162941;;;1;1;1;1;0;0;1;1;0;3.4783932;2.483753673;-1.099080033;4.64
2004;8.619242626;32.59325967;7.802612683;;41.2125023;33.40988962;;;1;1;1;1;0;0;1;1;0;4.036104601;3.481080682;-1.897238353;4.69
2005;9.077845358;26.30662288;7.449027057;;35.38446824;27.93544118;;;1;1;1;1;0;0;1;1;1;6.288024455;1.494260325;-3.491311535;4.33
2006;8.502516917;21.93206172;8.05034033;0.072867309;30.43457863;22.45710561;;;2;1;1;1;0;0;1;1;0;8.532124395;1.137484663;-0.673278624;4.17
2007;9.993667597;17.02321966;10.89902318;0.615438347;27.01688726;16.73330242;;;1;1;1;1;0;0;1;1;1;9.224782486;3.92767933;-4.548516466;4.56
2008;8.188515985;13.80459938;11.40561476;0.812321453;21.99311536;11.39982206;;;1;1;1;1;0;0;1;1;0;10.25829149;6.650207334;-6.709245879;4.66
2009;10.62061315;15.62989614;12.48707325;1.111530095;26.25050929;14.87496614;;;1;1;1;1;0;0;1;1;0;-4.938051368;0.245316436;2.906353399;4.45
2010;9.985786651;11.96885042;11.22387351;0.983120394;21.95463707;11.71388396;;;1;1;1;1;0;0;1;1;0;11.32396196;2.076444232;-6.38857964;4.47
2011;9.391477286;10.38069191;12.27994281;0.809658358;19.7721692;8.301884747;;;2;1;1;1;0;0;1;1;0;8.175594264;4.738420842;-2.547466415;4.04
2012;9.458802229;9.441036963;14.23073945;0.696013486;18.89983919;5.365113229;;;1;1;1;1;0;0;1;1;0;4.404506038;2.649368881;-4.323114419;3.08
2013;9.515357212;8.470060703;14.5311694;0.664417592;17.98541792;4.118666112;;;1;1;1;1;0;0;1;1;0;6.128656302;2.859681156;2.418759542;3.42
2014;9.664207397;8.716007416;14.32959004;0.615471803;18.38021481;4.666096579;;;1;1;1;1;0;0;1;1;0;2.849374559;3.224061189;4.930450891;3.27
2015;9.333228686;10.05232573;13.60013262;0.556314065;19.38555442;6.341735862;;;1;1;1;1;0;0;1;1;1;5.287781921;4.397928542;11.52085653;2.54
2016;11.08690586;9.951611953;13.93322849;0.505294648;21.03851781;7.61058397;;;2;1;1.105882353;1;0;0;1;1;0;3.553340634;3.23488195;5.823023697;2.04
2017;14.59112382;9.521362821;13.89282241;0.459024212;24.11248664;10.67868845;;;1;1;1.352941176;1;0;0;1;1;0;3.114181337;1.364855884;-3.463389699;1.92
2018;15.45213585;9.561627939;13.21986192;0.404298245;25.01376379;12.19820011;;;2;2;1.647058824;1;0;0;1;1;0;4.274721158;2.192523154;0.792913103;1.9
2019;17.33100373;9.20316565;13.05427762;0.340827969;26.53416938;13.82071972;;;1;2;1.894117647;1;0;0;1;1;1;1.654753167;1.900091579;1.527873795;1.43
2020;16.43070325;13.57889073;10.29746912;0.28770658;30.00959397;19.99983143;;;3;2;2;1;0;0;1;1;0;-10.83624795;1.973232229;4.636423113;0.82
2021;13.8351487;17.38528871;11.89241232;0.199981935;31.22043742;19.52800703;;;2;2;;1;0;0;1;1;1;12.59057815;6.430387163;10.49395141;1.18
2022;14.13692343;16.29241427;11.10986813;0.119476857;30.4293377;19.43894642;;;2;2;;1;0;0;1;1;1;2.648487319;8.459162;-1.159062037;2.74
